{
  "N": 5840795,
  "groupN": {
    "0-19": 1513005,
    "20-39": 1685869,
    "40-64": 1902963,
    "65+": 738958
  },
  "beta": 0.4793,
  "gamma": 0.111111,
  "alpha": 4,
  "pS": {
    "0-19": 0.110023,
    "20-39": 0.35705,
    "40-64": 0.561205,
    "65+": 0.774879
  },
  "hosp": {
    "tslices": [147, 250],
    "value": {
      "0-19": [0.0227054, 0.0227054, 0.0227054],
      "20-39": [0.03656527, 0.03747127, 0.02341227],
      "40-64": [0.050782, 0.049972, 0.03312364],
      "65+": [0.0789884, 0.0724784, 0.10043694]
    }
  },
  "dh": {
    "0-19": 0.005504587,
    "20-39": 0.014716188,
    "40-64": 0.057513214,
    "65+": 0.160570555
  },
  "dnh": {
    "0-19": 0.000013,
    "20-39": 0.0000822,
    "40-64": 0.000622705,
    "65+": 0.027971448
  },
  "pID": 0,
  "lamb": 1.395,
  "kap": 0,
  "pi": 0,
  "om": 0,
  "siI": {"tslices": [41], "value":  [0, 0]},
  "mask": {"tslices":  [73, 94, 165], "value": [0, 0, 0, 0]},
  "ramp": {"tslices":  [129], "value": [0, 0]},
  "temp_on": false,
  "hlos": {
    "tslices": [190],
    "value": {
      "0-19": [5.8303, 5.5747],
      "20-39": [6.366447985, 5.231230631],
      "40-64": [10.54149451, 8.486187615],
      "65+": [10.53665902, 8.136581647]
    }
  },
  "dvacc": 3650,
  "dimmuneA": 190,
  "dimmuneI": 365,
  "max_vacc": {
        "0-19": 0.3413,
        "20-39": 0.80,
        "40-64": 0.80,
        "65+": 0.94
  },
  "max_vacc_share_of_remaining": 0.04,
  "vaccines": {
    "mrna": {
      "shots": {
        "first_shot": {
          "delay": 14,
          "eff": 0.80,
          "duration": 730,
          "multipliers": {
            "pS": 0.5,
            "hosp": 0.5,
            "dnh": 0.5,
            "dh": 1
          }
        },
        "second_shot": {
          "delay": 32,
          "eff": 0.10,
          "duration": 730,
          "multipliers": {
            "pS": 0.5,
            "hosp": 0.5,
            "dnh": 0.5,
            "dh": 1
          }
        }
      }
    },
    "jnj": {
      "projected_rate": {
        "0-19": 200,
        "20-39": 1000,
        "40-64": 1500,
        "65+": 300
      },
      "shots": {
        "first_shot": {
          "delay": 14,
          "eff": 0.66,
          "duration": 730,
          "multipliers": {
            "pS": 0.5,
            "hosp": 0.5,
            "dnh": 0.5,
            "dh": 1
          }
        },
        "second_shot": {
          "delay": 28,
          "eff": 0.72,
          "duration": 730,
          "multipliers": {
            "pS": 0.5,
            "hosp": 0.5,
            "dnh": 0.5,
            "dh": 1
          }
        }
      }
    }
  },
  "variants": {
    "b117": {
      "theta_file_path": "proportionvariantovertime.csv",
      "theta_column": "b117",
      "multipliers": {
        "hosp": {
          "0-19": 1.0,
          "20-39": 1.0,
          "40-64": 1.40,
          "65+": 1.40
        },
        "dh": {
          "0-19": 1.0,
          "20-39": 1.0,
          "40-64": 1.15,
          "65+": 1.15
        },
        "dnh": {
          "0-19": 1.0,
          "20-39": 1.0,
          "40-64": 1.60,
          "65+": 1.60
        },
        "rel_inf_prob": 1.50,
        "pS": 1.0
      }
    },
    "cali": {
      "theta_file_path": "proportionvariantovertime.csv",
      "theta_column": "CAvariant",
      "multipliers": {
        "hosp": 1.0,
        "dh": 1.0,
        "dnh": 1.0,
        "rel_inf_prob": 1.20,
        "pS": 1.0
      }
    }
  }
}