{
    "N": 5805501,
    "groupN": {
      "0-19": 1411161,
      "20-39": 1697671,
      "40-64": 1818147,
      "65+": 878522
  },
  "beta": 0.4793,
  "gamma": 0.111111,
  "alpha": 4,
  "pS": {
    "0-19": 0.110023,
    "20-39": 0.35705,
    "40-64": 0.561205,
    "65+": 0.774879
  },
  "hosp": {
    "tslices": [147, 250],
    "value": {
      "0-19": [0.0227054, 0.0227054, 0.0227054],
      "20-39": [0.03656527, 0.03747127, 0.02341227],
      "40-64": [0.050782, 0.049972, 0.03312364],
      "65+": [0.0789884, 0.0724784, 0.10043694]
    }
  },
  "dh": {
    "tslices": [159],
    "value": {
      "0-19": [0.005504587, 0.005504587],
      "20-39": [0.015475, 0.015475],
        "40-64": [0.0719, 0.05849],
      "65+": [0.2197, 0.16519]
    }
  },
  "dnh": {
    "tslices": [159],
    "value": {
      "0-19": [0.000013, 0.000013],
      "20-39": [0.0001022, 0.0001022],
      "40-64": [0.000698, 0.000698],
      "65+": [0.02806, 0.0216]
    }
  },
  "pID": 0,
  "lamb": 1.395,
  "kap": 0,
  "pi": 0,
  "om": 0,
  "siI": {"tslices": [41], "value":  [0, 0]},
  "mask": {"tslices":  [73, 94, 165], "value": [0, 0, 0, 0]},
  "ramp": {"tslices":  [129], "value": [0, 0]},
  "temp_on": false,
  "delta_vacc_escape": 0.10,
  "hlos": {
    "tslices": [190],
    "value": {
      "0-19": [5.8303, 5.5747],
      "20-39": [6.366447985, 5.231230631],
      "40-64": [10.54149451, 8.486187615],
      "65+": [10.53665902, 8.136581647]
    }
  },
  "dvacc": 3650,
  "immune_rate_I": 0.925,
  "immune_rate_A": 0.85,
  "dimmuneA": 2514,
  "dimmuneI": 2514  ,
  "max_vacc_share_of_remaining": 0.04,
  "vaccines": {},
  "variants": {
    "b117": {
      "theta_file_path": "input/proportionvariantovertime.csv",
      "theta_column": "b117",
      "multipliers": {
        "hosp": {
          "0-19": 1.40,
          "20-39": 1.40,
          "40-64": 1.40,
          "65+": 1.40
        },
        "dh": {
          "0-19": 1.15,
          "20-39": 1.15,
          "40-64": 1.15,
          "65+": 1.15
        },
        "dnh": {
          "0-19": 1.60,
          "20-39": 1.60,
          "40-64": 1.60,
          "65+": 1.60
        },
        "rel_inf_prob": 1.50,
        "pS": 1.0
      }
    },
    "cali": {
      "theta_file_path": "input/proportionvariantovertime.csv",
      "theta_column": "CAvariant",
      "multipliers": {
        "hosp": 1.0,
        "dh": 1.0,
        "dnh": 1.0,
        "rel_inf_prob": 1.20,
        "pS": 1.0
      }
    },
    "delta": {
      "theta_file_path": "input/proportionvariantovertime.csv",
      "theta_column": "delta",
      "multipliers": {
        "hosp": {
          "0-19": 1.40,
          "20-39": 1.40,
          "40-64": 1.40,
          "65+": 1.40
        },
        "dh": {
          "0-19": 1.15,
          "20-39": 1.15,
          "40-64": 1.15,
          "65+": 1.15
        },
        "dnh": {
          "0-19": 1.60,
          "20-39": 1.60,
          "40-64": 1.60,
          "65+": 1.60
        },
        "rel_inf_prob": 2.25,
        "pS": 1.0
      }
    }
  }
}